Firstname,Lastname,Email,Phone
ISAAC,NEWTON,isaac.newton@cam.ac.uk,16431727
ALBERT,EINSTEIN,albert.einstein@princeton.edu,18791955
MARIE,CURIE,marie.curie@sorbonne.fr,18671934
VICTOR,HUGO,victor.hugo@lacroix.fr,18021885
JANE,AUSTEN,jane.austen@hampshire.uk,17751817
EMILY,BRONTE,emily.bronte@thornton.uk,18181848
JANE,DOE,jane.doe@hotmail.com,
JOHN,WAYNE,john.wayne@paramount.com,12345678